<?xml version="1.0" encoding="UTF-8"?>
<Tokens version="1.0">
	<File path="Protocols/VelocityControlDelegate.html">
		
		<Token>
			<TokenIdentifier>//apple_ref/occ/intf/VelocityControlDelegate</TokenIdentifier>
			<Abstract type="html">This protocol defines an interface for delegates of a VelocityControl object to be notified when a velocity target has been reached.</Abstract>
			<DeclaredIn>VelocityControlDelegate.h</DeclaredIn>
			
			<NodeRef refid="9"/>
		</Token>
		
		
		<Token>
			<TokenIdentifier>//apple_ref/occ/intfm/VelocityControlDelegate/controlDidReachTargetVelocity</TokenIdentifier>
			<Abstract type="html">Notifies the delegate when Galileo has reached the specified target velocity.</Abstract>
			<DeclaredIn>VelocityControlDelegate.h</DeclaredIn>			
			
			<Declaration>- (void)controlDidReachTargetVelocity</Declaration>
			
			
			<Anchor>//api/name/controlDidReachTargetVelocity</Anchor>
            <NodeRef refid="9"/>
		</Token>
		
	</File>
</Tokens>