<?xml version="1.0" encoding="UTF-8"?>
<Tokens version="1.0">
	<File path="Classes/GCFirmwareManager.html">
		
		<Token>
			<TokenIdentifier>//apple_ref/occ/cl/GCFirmwareManager</TokenIdentifier>
			<Abstract type="html">The GCFirmwareManager object allows you to update Galileo&apos;s firmware. You can access the instance through the firmwareManager property of the Galileo singleton instance.</Abstract>
			<DeclaredIn>GCFirmwareManager.h</DeclaredIn>
            
			
			<NodeRef refid="3"/>
		</Token>
		
		
		<Token>
			<TokenIdentifier>//apple_ref/occ/instm/GCFirmwareManager/checkForUpdate:</TokenIdentifier>
			<Abstract type="html">Check for a new version of Galileo&apos;s firmware.</Abstract>
			<DeclaredIn>GCFirmwareManager.h</DeclaredIn>
			
			<Declaration>- (void)checkForUpdate:(void ( ^ ) ( GCFirmwareUpdateCheckOutcome checkOutcome ))completionBlock</Declaration>
			<Parameters>
				<Parameter>
					<Name>completionBlock</Name>
					<Abstract type="html">Code block that is to be called when the update check is complete.</Abstract>
				</Parameter>
			</Parameters>
			
			<Anchor>//api/name/checkForUpdate:</Anchor>
            <NodeRef refid="3"/>
		</Token>
		
		<Token>
			<TokenIdentifier>//apple_ref/occ/instm/GCFirmwareManager/promptUserToUpdate:</TokenIdentifier>
			<Abstract type="html">Prompt the user to update their Galileo&apos;s firmware to the latest version, if one is available.</Abstract>
			<DeclaredIn>GCFirmwareManager.h</DeclaredIn>
			
			<Declaration>- (void)promptUserToUpdate:(void ( ^ ) ( ))completionBlock</Declaration>
			<Parameters>
				<Parameter>
					<Name>completionBlock</Name>
					<Abstract type="html">Code block that is to be called if no update is available, if the user dismisses the update or if the phone is disconnected from the internet.</Abstract>
				</Parameter>
			</Parameters>
			
			<Anchor>//api/name/promptUserToUpdate:</Anchor>
            <NodeRef refid="3"/>
		</Token>
		
        
        
	</File>
</Tokens>