<?xml version="1.0" encoding="UTF-8"?>
<Tokens version="1.0">
	<File path="Classes/FirmwareManager.html">
		
		<Token>
			<TokenIdentifier>//apple_ref/occ/cl/FirmwareManager</TokenIdentifier>
			<Abstract type="html">The FirmwareManager object allows you to update Galileo&apos;s firmware. You can access the instance through the firmwareManager property of the Galileo singleton instance.</Abstract>
			<DeclaredIn>FirmwareManager.h</DeclaredIn>
			
			<NodeRef refid="2"/>
		</Token>
		
		
		<Token>
			<TokenIdentifier>//apple_ref/occ/instm/FirmwareManager/setDelegate:</TokenIdentifier>
			<Abstract type="html">The delegate of the FirmwareManager object.</Abstract>
			<DeclaredIn>FirmwareManager.h</DeclaredIn>			
			
			<Declaration>@property (nonatomic, assign) id&lt;FirmwareManagerDelegate&gt; delegate</Declaration>
			
			
			<Anchor>//api/name/delegate</Anchor>
            <NodeRef refid="2"/>
		</Token>
		
		<Token>
			<TokenIdentifier>//apple_ref/occ/instm/FirmwareManager/delegate</TokenIdentifier>
			<Abstract type="html">The delegate of the FirmwareManager object.</Abstract>
			<DeclaredIn>FirmwareManager.h</DeclaredIn>			
			
			<Declaration>@property (nonatomic, assign) id&lt;FirmwareManagerDelegate&gt; delegate</Declaration>
			
			
			<Anchor>//api/name/delegate</Anchor>
            <NodeRef refid="2"/>
		</Token>
		
		<Token>
			<TokenIdentifier>//apple_ref/occ/instp/FirmwareManager/delegate</TokenIdentifier>
			<Abstract type="html">The delegate of the FirmwareManager object.</Abstract>
			<DeclaredIn>FirmwareManager.h</DeclaredIn>			
			
			<Declaration>@property (nonatomic, assign) id&lt;FirmwareManagerDelegate&gt; delegate</Declaration>
			
			
			<Anchor>//api/name/delegate</Anchor>
            <NodeRef refid="2"/>
		</Token>
		
		<Token>
			<TokenIdentifier>//apple_ref/occ/instm/FirmwareManager/checkForUpdate</TokenIdentifier>
			<Abstract type="html">Check for a new version of Galileo&apos;s firmware.</Abstract>
			<DeclaredIn>FirmwareManager.h</DeclaredIn>			
			
			<Declaration>- (void)checkForUpdate</Declaration>
			
			
			<Anchor>//api/name/checkForUpdate</Anchor>
            <NodeRef refid="2"/>
		</Token>
		
		<Token>
			<TokenIdentifier>//apple_ref/occ/instm/FirmwareManager/promptUserToInstallUpdate</TokenIdentifier>
			<Abstract type="html">Prompt user to install a firmware update to Galileo.</Abstract>
			<DeclaredIn>FirmwareManager.h</DeclaredIn>			
			
			<Declaration>- (void)promptUserToInstallUpdate</Declaration>
			
			
			<Anchor>//api/name/promptUserToInstallUpdate</Anchor>
            <NodeRef refid="2"/>
		</Token>
		
	</File>
</Tokens>