<?xml version="1.0" encoding="UTF-8"?>
<Tokens version="1.0">
	<File path="Classes/GCVelocityControl.html">
		
		<Token>
			<TokenIdentifier>//apple_ref/occ/cl/GCVelocityControl</TokenIdentifier>
			<Abstract type="html">The GCVelocityControl object allows you to control Galileo&apos;s angular velocity for a given axis. You can access the instance through the velocityControlForAxis: method of the Galileo singleton instance.</Abstract>
			<DeclaredIn>GCVelocityControl.h</DeclaredIn>
            
			
			<NodeRef refid="6"/>
		</Token>
		
		
		<Token>
			<TokenIdentifier>//apple_ref/occ/instm/GCVelocityControl/setControlDidReachTargetVelocity:</TokenIdentifier>
			<Abstract type="html">Block-based handler for when target velocity is reached.</Abstract>
			<DeclaredIn>GCVelocityControl.h</DeclaredIn>
			
			<Declaration>@property (nonatomic, copy) void ( ^ ) ( void ) controlDidReachTargetVelocity</Declaration>
			
			
			<Anchor>//api/name/controlDidReachTargetVelocity</Anchor>
            <NodeRef refid="6"/>
		</Token>
		
		<Token>
			<TokenIdentifier>//apple_ref/occ/instm/GCVelocityControl/controlDidReachTargetVelocity</TokenIdentifier>
			<Abstract type="html">Block-based handler for when target velocity is reached.</Abstract>
			<DeclaredIn>GCVelocityControl.h</DeclaredIn>
			
			<Declaration>@property (nonatomic, copy) void ( ^ ) ( void ) controlDidReachTargetVelocity</Declaration>
			
			
			<Anchor>//api/name/controlDidReachTargetVelocity</Anchor>
            <NodeRef refid="6"/>
		</Token>
		
		<Token>
			<TokenIdentifier>//apple_ref/occ/instp/GCVelocityControl/controlDidReachTargetVelocity</TokenIdentifier>
			<Abstract type="html">Block-based handler for when target velocity is reached.</Abstract>
			<DeclaredIn>GCVelocityControl.h</DeclaredIn>
			
			<Declaration>@property (nonatomic, copy) void ( ^ ) ( void ) controlDidReachTargetVelocity</Declaration>
			
			
			<Anchor>//api/name/controlDidReachTargetVelocity</Anchor>
            <NodeRef refid="6"/>
		</Token>
		
		<Token>
			<TokenIdentifier>//apple_ref/occ/instm/GCVelocityControl/setDelegate:</TokenIdentifier>
			<Abstract type="html">Delegate-based handler for when target velocity is reached.</Abstract>
			<DeclaredIn>GCVelocityControl.h</DeclaredIn>
			
			<Declaration>@property (nonatomic, assign) id&lt;GCVelocityControlDelegate&gt; delegate</Declaration>
			
			
			<Anchor>//api/name/delegate</Anchor>
            <NodeRef refid="6"/>
		</Token>
		
		<Token>
			<TokenIdentifier>//apple_ref/occ/instm/GCVelocityControl/delegate</TokenIdentifier>
			<Abstract type="html">Delegate-based handler for when target velocity is reached.</Abstract>
			<DeclaredIn>GCVelocityControl.h</DeclaredIn>
			
			<Declaration>@property (nonatomic, assign) id&lt;GCVelocityControlDelegate&gt; delegate</Declaration>
			
			
			<Anchor>//api/name/delegate</Anchor>
            <NodeRef refid="6"/>
		</Token>
		
		<Token>
			<TokenIdentifier>//apple_ref/occ/instp/GCVelocityControl/delegate</TokenIdentifier>
			<Abstract type="html">Delegate-based handler for when target velocity is reached.</Abstract>
			<DeclaredIn>GCVelocityControl.h</DeclaredIn>
			
			<Declaration>@property (nonatomic, assign) id&lt;GCVelocityControlDelegate&gt; delegate</Declaration>
			
			
			<Anchor>//api/name/delegate</Anchor>
            <NodeRef refid="6"/>
		</Token>
		
		<Token>
			<TokenIdentifier>//apple_ref/occ/instm/GCVelocityControl/setAtTargetVelocity:</TokenIdentifier>
			<Abstract type="html">True if the accessory is cruising at the target velocity. False if the accessory is still accelerating towards the target velocity.</Abstract>
			<DeclaredIn>GCVelocityControl.h</DeclaredIn>
			
			<Declaration>@property (nonatomic, readonly, getter=isAtTargetVelocity) BOOL atTargetVelocity</Declaration>
			
			
			<Anchor>//api/name/atTargetVelocity</Anchor>
            <NodeRef refid="6"/>
		</Token>
		
		<Token>
			<TokenIdentifier>//apple_ref/occ/instm/GCVelocityControl/isAtTargetVelocity</TokenIdentifier>
			<Abstract type="html">True if the accessory is cruising at the target velocity. False if the accessory is still accelerating towards the target velocity.</Abstract>
			<DeclaredIn>GCVelocityControl.h</DeclaredIn>
			
			<Declaration>@property (nonatomic, readonly, getter=isAtTargetVelocity) BOOL atTargetVelocity</Declaration>
			
			
			<Anchor>//api/name/atTargetVelocity</Anchor>
            <NodeRef refid="6"/>
		</Token>
		
		<Token>
			<TokenIdentifier>//apple_ref/occ/instp/GCVelocityControl/atTargetVelocity</TokenIdentifier>
			<Abstract type="html">True if the accessory is cruising at the target velocity. False if the accessory is still accelerating towards the target velocity.</Abstract>
			<DeclaredIn>GCVelocityControl.h</DeclaredIn>
			
			<Declaration>@property (nonatomic, readonly, getter=isAtTargetVelocity) BOOL atTargetVelocity</Declaration>
			
			
			<Anchor>//api/name/atTargetVelocity</Anchor>
            <NodeRef refid="6"/>
		</Token>
		
		<Token>
			<TokenIdentifier>//apple_ref/occ/instm/GCVelocityControl/setTargetVelocity:</TokenIdentifier>
			<Abstract type="html">The target velocity, in degrees per second.</Abstract>
			<DeclaredIn>GCVelocityControl.h</DeclaredIn>
			
			<Declaration>@property (nonatomic) double targetVelocity</Declaration>
			
			
			<Anchor>//api/name/targetVelocity</Anchor>
            <NodeRef refid="6"/>
		</Token>
		
		<Token>
			<TokenIdentifier>//apple_ref/occ/instm/GCVelocityControl/targetVelocity</TokenIdentifier>
			<Abstract type="html">The target velocity, in degrees per second.</Abstract>
			<DeclaredIn>GCVelocityControl.h</DeclaredIn>
			
			<Declaration>@property (nonatomic) double targetVelocity</Declaration>
			
			
			<Anchor>//api/name/targetVelocity</Anchor>
            <NodeRef refid="6"/>
		</Token>
		
		<Token>
			<TokenIdentifier>//apple_ref/occ/instp/GCVelocityControl/targetVelocity</TokenIdentifier>
			<Abstract type="html">The target velocity, in degrees per second.</Abstract>
			<DeclaredIn>GCVelocityControl.h</DeclaredIn>
			
			<Declaration>@property (nonatomic) double targetVelocity</Declaration>
			
			
			<Anchor>//api/name/targetVelocity</Anchor>
            <NodeRef refid="6"/>
		</Token>
		
		<Token>
			<TokenIdentifier>//apple_ref/occ/instm/GCVelocityControl/setVelocity:</TokenIdentifier>
			<Abstract type="html">The current velocity Galileo is moving at, in degrees per second.</Abstract>
			<DeclaredIn>GCVelocityControl.h</DeclaredIn>
			
			<Declaration>@property (nonatomic, readonly) double velocity</Declaration>
			
			
			<Anchor>//api/name/velocity</Anchor>
            <NodeRef refid="6"/>
		</Token>
		
		<Token>
			<TokenIdentifier>//apple_ref/occ/instm/GCVelocityControl/velocity</TokenIdentifier>
			<Abstract type="html">The current velocity Galileo is moving at, in degrees per second.</Abstract>
			<DeclaredIn>GCVelocityControl.h</DeclaredIn>
			
			<Declaration>@property (nonatomic, readonly) double velocity</Declaration>
			
			
			<Anchor>//api/name/velocity</Anchor>
            <NodeRef refid="6"/>
		</Token>
		
		<Token>
			<TokenIdentifier>//apple_ref/occ/instp/GCVelocityControl/velocity</TokenIdentifier>
			<Abstract type="html">The current velocity Galileo is moving at, in degrees per second.</Abstract>
			<DeclaredIn>GCVelocityControl.h</DeclaredIn>
			
			<Declaration>@property (nonatomic, readonly) double velocity</Declaration>
			
			
			<Anchor>//api/name/velocity</Anchor>
            <NodeRef refid="6"/>
		</Token>
		
		<Token>
			<TokenIdentifier>//apple_ref/occ/instm/GCVelocityControl/setMaxVelocity:</TokenIdentifier>
			<Abstract type="html">The maximum velocity Galileo is able to move at, in degrees per second.</Abstract>
			<DeclaredIn>GCVelocityControl.h</DeclaredIn>
			
			<Declaration>@property (nonatomic, readonly) double maxVelocity</Declaration>
			
			
			<Anchor>//api/name/maxVelocity</Anchor>
            <NodeRef refid="6"/>
		</Token>
		
		<Token>
			<TokenIdentifier>//apple_ref/occ/instm/GCVelocityControl/maxVelocity</TokenIdentifier>
			<Abstract type="html">The maximum velocity Galileo is able to move at, in degrees per second.</Abstract>
			<DeclaredIn>GCVelocityControl.h</DeclaredIn>
			
			<Declaration>@property (nonatomic, readonly) double maxVelocity</Declaration>
			
			
			<Anchor>//api/name/maxVelocity</Anchor>
            <NodeRef refid="6"/>
		</Token>
		
		<Token>
			<TokenIdentifier>//apple_ref/occ/instp/GCVelocityControl/maxVelocity</TokenIdentifier>
			<Abstract type="html">The maximum velocity Galileo is able to move at, in degrees per second.</Abstract>
			<DeclaredIn>GCVelocityControl.h</DeclaredIn>
			
			<Declaration>@property (nonatomic, readonly) double maxVelocity</Declaration>
			
			
			<Anchor>//api/name/maxVelocity</Anchor>
            <NodeRef refid="6"/>
		</Token>
		
		<Token>
			<TokenIdentifier>//apple_ref/occ/instm/GCVelocityControl/setMinVelocity:</TokenIdentifier>
			<Abstract type="html">The minimum velocity Galileo is able to move at, in degrees per second.</Abstract>
			<DeclaredIn>GCVelocityControl.h</DeclaredIn>
			
			<Declaration>@property (nonatomic, readonly) double minVelocity</Declaration>
			
			
			<Anchor>//api/name/minVelocity</Anchor>
            <NodeRef refid="6"/>
		</Token>
		
		<Token>
			<TokenIdentifier>//apple_ref/occ/instm/GCVelocityControl/minVelocity</TokenIdentifier>
			<Abstract type="html">The minimum velocity Galileo is able to move at, in degrees per second.</Abstract>
			<DeclaredIn>GCVelocityControl.h</DeclaredIn>
			
			<Declaration>@property (nonatomic, readonly) double minVelocity</Declaration>
			
			
			<Anchor>//api/name/minVelocity</Anchor>
            <NodeRef refid="6"/>
		</Token>
		
		<Token>
			<TokenIdentifier>//apple_ref/occ/instp/GCVelocityControl/minVelocity</TokenIdentifier>
			<Abstract type="html">The minimum velocity Galileo is able to move at, in degrees per second.</Abstract>
			<DeclaredIn>GCVelocityControl.h</DeclaredIn>
			
			<Declaration>@property (nonatomic, readonly) double minVelocity</Declaration>
			
			
			<Anchor>//api/name/minVelocity</Anchor>
            <NodeRef refid="6"/>
		</Token>
		
		<Token>
			<TokenIdentifier>//apple_ref/occ/instm/GCVelocityControl/setTorque:</TokenIdentifier>
			<Abstract type="html">Motor torque setting as a percentage of maximum possible.</Abstract>
			<DeclaredIn>GCVelocityControl.h</DeclaredIn>
			
			<Declaration>@property (nonatomic) double torque</Declaration>
			
			
			<Anchor>//api/name/torque</Anchor>
            <NodeRef refid="6"/>
		</Token>
		
		<Token>
			<TokenIdentifier>//apple_ref/occ/instm/GCVelocityControl/torque</TokenIdentifier>
			<Abstract type="html">Motor torque setting as a percentage of maximum possible.</Abstract>
			<DeclaredIn>GCVelocityControl.h</DeclaredIn>
			
			<Declaration>@property (nonatomic) double torque</Declaration>
			
			
			<Anchor>//api/name/torque</Anchor>
            <NodeRef refid="6"/>
		</Token>
		
		<Token>
			<TokenIdentifier>//apple_ref/occ/instp/GCVelocityControl/torque</TokenIdentifier>
			<Abstract type="html">Motor torque setting as a percentage of maximum possible.</Abstract>
			<DeclaredIn>GCVelocityControl.h</DeclaredIn>
			
			<Declaration>@property (nonatomic) double torque</Declaration>
			
			
			<Anchor>//api/name/torque</Anchor>
            <NodeRef refid="6"/>
		</Token>
		
        
        
	</File>
</Tokens>